,,id,1,2,3,4,5,6,7,8,9,10,11,12,13,14,15,16,17,18,19,20,21,22,23,24,25,26,27,28,29,30,31,32,33,34,35,36,37,38,39,40,41,42,43,44,45,46,47,48,49,50,51,52,53,54,55,56,57,58,59,60,61,62,63,64,65,66,67,68,69,70,71,72,73,74,75,76,77,78,79,80,81,82,83,84,85,86,87,88,89,90,91,92,93,94
Chr,Markers,,,,,,,,,,,,,,,,,,,,,,,,,,,,,,,,,,,,,,,,,,,,,,,,,,,,,,,,,,,,,,,,,,,,,,,,,,,,,,,,,,,,,,,,,,,,,,,
1,t25k16ind9-9,,A,B,B,B,A,B,A,B,B,A,A,B,U,B,B,B,A,A,A,A,A,A,B,A,A,B,B,B,A,A,A,A,A,A,A,A,A,B,A,B,A,B,A,B,A,B,B,B,B,B,A,B,A,A,B,A,A,A,A,A,B,B,B,A,A,A,A,B,B,A,A,B,B,A,B,B,B,B,B,B,A,A,A,B,A,A,B,A,A,A,A,A,B,B
1,MS_At1_0.9,,A,B,B,B,A,B,A,B,B,U,U,B,B,B,B,B,A,A,A,B,B,B,B,H,A,B,B,B,A,A,B,A,A,B,A,A,A,B,A,B,A,B,B,B,A,H,B,U,B,B,A,B,A,A,B,A,A,B,A,A,B,B,B,A,A,B,A,B,B,A,H,B,B,A,A,B,B,B,B,B,A,A,A,A,B,A,B,A,B,A,H,A,B,B
1,nga63,,A,B,B,B,B,B,B,B,A,B,A,B,B,B,B,B,A,B,U,B,B,B,B,A,A,B,B,A,B,B,A,A,A,A,A,A,B,B,A,B,A,B,B,B,A,B,A,A,H,B,A,B,A,A,B,A,A,B,A,B,B,B,B,A,A,B,B,B,B,A,A,B,B,A,A,B,B,B,B,B,A,B,A,B,A,A,B,A,A,A,A,A,B,A
1,f16j7-trb,,A,B,U,U,B,B,B,B,U,U,A,B,B,B,B,B,U,U,B,B,B,B,B,A,U,U,B,A,B,B,A,A,U,U,A,A,B,B,A,B,U,U,B,B,A,B,A,A,U,U,A,B,A,A,B,A,U,U,A,B,B,B,B,A,U,U,B,B,B,A,A,B,U,U,A,B,B,B,B,B,U,B,B,B,A,A,B,U,U,A,A,A,B,A
1,MS_At1_5.9,,A,B,B,B,B,A,A,B,B,B,H,B,B,B,B,B,B,B,A,A,A,H,B,B,A,B,B,B,A,B,B,A,A,A,B,A,B,B,B,B,A,B,H,B,A,A,B,B,A,A,H,B,A,A,B,A,A,B,A,B,B,B,B,A,A,A,B,B,B,A,H,B,B,B,A,B,B,B,B,B,A,B,B,B,B,A,H,A,H,B,B,A,B,A
1,f9h16ind26-26,,A,B,B,B,B,A,A,B,B,B,U,B,B,B,B,B,B,B,A,B,B,B,B,B,B,B,B,B,A,B,B,A,B,A,B,A,B,B,B,B,B,B,U,B,A,A,B,A,A,A,A,B,U,A,B,A,A,B,B,B,B,B,B,A,B,A,B,B,B,A,B,A,B,A,B,B,B,B,B,B,A,B,B,A,A,A,B,A,A,U,U,B,B,A
1,f8k728985,,B,B,B,B,B,B,A,B,B,B,B,B,B,B,B,B,B,U,A,B,B,B,B,B,B,B,B,B,A,B,B,A,B,A,B,A,B,B,B,B,B,B,B,B,A,A,B,A,A,A,A,B,B,A,B,A,A,B,B,B,A,A,A,A,B,A,B,B,B,B,B,A,B,A,B,B,B,B,B,B,A,B,B,B,A,B,B,A,A,B,B,B,B,A
1,jconnchr1_9.9,,B,B,B,B,B,B,B,U,B,B,B,B,B,B,B,B,B,B,B,B,B,B,B,B,B,B,B,B,B,B,B,B,U,B,B,B,B,B,B,B,B,B,B,A,B,B,B,B,B,H,B,B,B,B,B,B,B,B,B,B,A,A,A,B,B,B,B,B,B,B,B,B,B,B,B,B,B,B,B,B,H,B,B,B,A,B,B,B,B,A,B,B,B,A
1,jconnchr1-11,,B,B,B,B,B,B,B,B,B,B,B,U,B,B,B,B,B,B,B,B,B,B,B,B,B,B,B,B,B,B,B,B,B,B,B,B,B,B,B,B,B,B,B,B,B,B,B,B,B,B,B,B,B,B,B,B,B,B,B,B,B,H,B,B,B,B,B,B,B,B,B,B,B,B,B,B,B,B,B,A,A,A,A,A,A,A,A,A,A,U,U,U,U,U
1,MS_At1_16.2_a,,B,U,B,B,A,U,B,A,B,B,U,B,B,B,B,B,B,A,B,B,B,B,A,B,B,B,A,B,B,B,B,B,B,B,A,B,B,U,B,B,B,B,B,B,B,B,U,B,B,A,A,A,B,B,B,B,A,B,B,B,A,A,A,B,B,H,B,B,B,B,B,B,B,A,A,H,B,B,B,B,B,B,B,B,B,B,B,U,B,A,B,B,A,A
1,MS_At1_18.9,,B,B,B,B,A,B,B,B,B,B,B,B,B,A,B,B,A,A,B,B,B,H,B,B,B,B,A,B,B,B,B,B,B,B,A,B,H,B,B,B,B,B,B,B,B,B,B,B,B,H,B,A,B,B,B,B,A,B,B,B,B,A,B,B,B,B,B,B,B,B,B,B,B,A,A,B,U,B,B,B,B,B,B,B,B,B,B,A,U,B,B,B,B,B
1,MS_At1_23.4,,B,B,B,B,A,A,B,B,B,A,B,B,B,A,B,B,A,B,B,B,B,B,H,B,B,B,B,B,B,B,A,B,B,B,B,B,B,B,B,B,B,H,B,B,B,A,B,H,B,B,B,B,B,A,B,H,B,B,B,B,B,A,B,B,B,A,B,B,B,B,B,B,B,B,B,B,B,B,A,B,B,A,A,A,A,B,H,A,A,B,B,B,B,B
1,MS_At1_24.7,,B,B,B,B,A,A,B,B,B,A,B,A,B,B,B,B,A,A,B,B,B,B,B,B,A,A,B,B,B,B,A,B,B,B,B,B,B,B,B,B,B,B,B,B,B,H,B,B,B,B,B,B,B,A,B,H,A,B,A,B,B,A,B,B,B,B,B,B,B,B,U,B,B,B,A,B,B,B,B,B,B,A,U,A,A,B,B,A,A,B,H,B,A,B
1,f5a1859436,,B,A,A,B,B,B,B,A,B,A,U,A,A,A,A,A,A,A,B,B,B,B,A,B,A,B,B,A,B,B,A,A,B,B,B,B,A,B,A,A,B,B,B,A,B,A,B,A,B,B,A,A,B,A,B,B,A,A,B,B,A,A,B,B,B,A,B,B,B,A,A,A,B,B,A,B,B,A,B,B,A,A,A,A,B,B,A,A,A,A,A,B,B,A
1,f24j13ind32-32,,B,A,A,B,B,B,B,A,B,A,B,A,A,A,A,A,A,A,B,B,B,B,A,B,A,B,B,A,B,B,A,A,B,B,B,B,A,B,A,A,B,B,B,A,B,A,B,A,B,B,A,A,B,A,B,B,A,A,B,B,A,A,B,B,B,A,B,B,B,A,A,A,B,B,A,B,B,A,B,B,A,A,A,A,B,B,A,A,A,A,A,B,B,A
1,nga111,,B,A,A,A,U,B,B,A,B,A,B,A,U,A,A,A,A,A,A,B,B,B,A,B,A,B,B,A,B,B,A,A,B,B,B,B,B,B,U,A,B,B,B,A,B,A,B,B,U,U,A,A,B,U,B,B,A,A,B,A,B,B,B,B,B,B,B,B,B,A,B,A,B,A,A,B,B,A,B,B,B,A,A,A,B,A,A,A,A,A,A,B,B,A
1,MS_At1_29.6,,B,A,A,A,A,B,B,A,H,A,B,A,A,A,A,A,B,A,A,B,B,B,A,B,A,B,B,B,B,B,A,A,H,B,A,B,B,B,B,A,A,B,B,A,B,H,B,B,A,B,A,A,B,A,B,H,B,A,B,B,B,B,B,B,A,B,B,B,A,A,B,B,B,A,A,B,B,A,B,B,B,B,B,B,B,A,H,B,A,A,H,B,B,A
,,,,,,,,,,,,,,,,,,,,,,,,,,,,,,,,,,,,,,,,,,,,,,,,,,,,,,,,,,,,,,,,,,,,,,,,,,,,,,,,,,,,,,,,,,,,,,,,
2,ciw2,,B,A,A,A,B,A,A,B,B,A,B,A,A,A,A,A,A,B,A,A,A,A,B,B,B,A,B,A,B,A,B,A,A,B,A,B,B,B,A,B,B,A,B,A,A,A,A,B,A,A,B,A,B,A,B,H,A,A,A,A,B,B,B,B,B,B,B,A,A,A,B,A,A,B,A,A,B,A,B,A,A,A,B,A,B,A,B,B,B,B,A,A,B,A
2,MS_At2_2.4,,B,A,A,A,B,B,A,B,H,A,B,A,A,A,A,A,B,B,A,A,B,H,B,B,A,A,A,A,B,A,B,A,A,A,A,B,B,B,A,B,B,A,B,A,A,H,B,A,B,U,B,A,B,A,B,H,B,A,A,A,A,B,B,B,B,B,B,B,A,A,H,A,A,B,A,A,B,A,B,B,A,A,A,A,A,A,H,B,A,B,H,A,B,A
2,MS_At2_5.3,,B,A,A,B,B,B,A,B,H,B,B,A,A,A,A,A,B,B,A,B,B,B,B,B,A,A,B,A,B,A,B,B,A,H,A,B,H,B,A,B,B,A,B,A,A,H,B,H,B,B,H,A,B,A,B,H,B,A,A,U,A,B,B,B,B,B,B,B,A,A,H,A,A,B,A,A,A,A,B,B,A,A,A,A,A,A,H,B,A,B,B,A,B,A
2,MS_At2_9.3,,A,A,A,B,B,B,A,A,B,A,B,A,A,A,A,A,B,B,B,B,B,H,A,B,B,A,A,A,B,A,B,A,A,H,A,A,A,B,A,B,B,A,B,A,A,A,B,H,B,H,A,A,B,A,B,A,B,A,A,B,A,A,A,B,B,B,B,B,A,A,B,B,B,B,A,A,B,B,B,B,A,A,A,B,B,B,H,B,A,A,H,B,B,A
2,nga1126,,B,A,A,B,U,B,A,A,B,A,B,A,U,A,A,A,B,B,B,B,B,B,A,B,B,A,B,A,A,A,B,A,A,B,A,A,A,B,U,B,B,A,B,A,A,B,B,B,U,U,A,A,B,U,B,A,B,A,A,B,B,B,B,B,B,B,B,B,B,A,A,A,B,B,A,A,B,A,B,B,A,B,B,A,B,B,B,A,A,B,A,B,B,B
2,MS_At2_12.4,,B,A,A,B,B,A,A,A,B,A,B,A,A,A,A,U,B,B,B,B,B,B,A,B,B,A,B,A,A,A,B,A,A,B,H,B,A,B,A,B,B,A,B,A,A,A,B,U,B,A,A,A,B,A,A,A,B,A,A,B,B,B,B,B,B,B,A,B,B,A,A,A,B,B,A,A,B,A,B,B,A,A,A,A,A,A,H,A,A,B,A,B,A,U
2,t32f646516,,B,A,A,B,U,A,A,A,B,A,B,A,A,A,U,A,B,B,B,B,B,B,A,B,B,A,B,A,A,B,B,A,A,B,A,B,A,B,A,B,B,A,B,A,A,A,B,B,B,A,B,A,B,A,A,A,B,B,A,B,B,B,B,B,B,A,A,B,B,A,A,A,B,B,A,A,B,A,B,B,A,B,B,A,B,B,B,A,A,B,A,B,A,B
2,MS_At2_14.9,,B,A,A,B,A,A,A,A,B,A,B,A,A,A,A,A,B,B,B,B,B,B,A,B,B,A,B,A,A,A,B,B,A,B,B,B,A,B,A,B,B,A,B,A,A,A,B,H,B,A,B,B,B,A,A,A,B,B,A,B,A,B,B,B,B,A,A,B,B,A,A,A,B,H,A,A,B,A,B,B,A,A,A,A,A,B,A,A,A,B,A,B,A,B
2,t6a23ind10-10,,B,A,A,B,U,A,A,A,A,B,B,A,A,A,U,A,B,B,A,B,B,B,A,B,B,A,B,A,A,A,B,A,A,B,B,B,A,B,A,B,B,A,B,A,A,A,B,A,B,A,B,B,B,A,A,A,B,B,A,B,B,B,B,B,B,A,A,B,B,A,A,A,B,B,A,A,B,A,B,B,B,A,B,A,B,B,A,A,A,B,A,B,A,A
2,athbio2b,,B,A,A,B,A,A,A,A,A,A,B,A,A,B,A,B,B,B,A,B,B,B,A,B,B,B,B,A,U,A,B,U,A,A,B,B,A,B,B,B,B,B,B,A,A,B,A,A,B,A,B,B,B,A,A,A,B,B,A,U,B,B,U,B,B,A,A,B,B,B,A,A,B,B,A,B,B,B,B,B,B,A,B,A,B,A,B,A,A,B,B,B,A,B
2,athubique,,B,U,B,B,B,A,A,B,A,A,A,A,B,B,A,B,B,B,A,B,B,B,B,B,A,B,B,A,B,A,B,A,A,A,B,B,A,B,B,B,B,B,B,A,A,B,A,A,B,A,B,B,B,A,B,A,B,B,A,B,B,B,B,B,B,A,A,B,B,A,B,A,B,A,A,B,B,A,B,B,A,A,B,A,B,A,B,A,B,B,B,B,A,B
2,90j19t7,,B,B,B,B,A,A,A,B,A,A,A,A,U,B,A,B,B,B,A,B,B,B,B,B,A,B,B,A,B,A,B,A,A,A,B,B,A,B,B,B,B,B,B,A,A,B,A,A,B,B,B,A,A,B,A,A,B,A,A,B,B,B,B,B,B,B,A,B,B,A,B,B,B,A,A,B,B,A,B,B,B,A,B,A,B,A,B,A,B,B,B,B,A,B
,,,,,,,,,,,,,,,,,,,,,,,,,,,,,,,,,,,,,,,,,,,,,,,,,,,,,,,,,,,,,,,,,,,,,,,,,,,,,,,,,,,,,,,,,,,,,,,,
3,MS_At3_1.4,,A,B,B,B,A,B,B,A,A,B,B,B,B,B,B,B,B,B,A,B,B,B,A,B,B,B,B,H,B,B,A,B,B,B,B,B,B,A,B,B,A,B,B,B,A,A,B,H,H,B,B,B,B,A,B,A,A,B,B,B,B,B,B,A,A,B,B,H,B,A,A,A,B,A,B,B,B,A,B,B,A,A,A,A,A,B,H,B,B,B,B,B,B,A
3,nga162,,A,B,B,B,B,B,A,B,B,B,A,B,U,B,B,B,B,B,A,B,B,B,B,B,B,B,A,A,B,B,A,B,A,B,B,B,B,B,B,B,A,B,B,B,A,A,B,B,A,A,B,B,B,B,B,B,A,B,B,B,B,B,B,B,A,A,B,B,B,B,A,B,A,A,B,B,B,B,B,B,A,B,B,A,A,A,B,A,B,B,B,B,A,A
3,MS_At3_6.5,,A,B,B,B,U,B,A,B,B,A,A,A,B,B,B,B,B,B,A,B,A,A,B,B,U,B,A,A,B,B,A,B,A,H,B,B,B,B,A,B,A,B,B,B,A,A,B,H,U,B,B,B,B,B,B,H,A,B,B,B,B,B,B,B,B,A,B,B,B,B,H,B,A,A,B,B,B,A,B,B,A,A,A,A,H,A,B,A,B,B,B,B,A,A
3,msd2129380,,A,B,B,B,B,U,A,B,B,A,A,U,B,B,B,B,B,B,A,A,A,A,B,B,B,B,A,A,A,B,A,B,A,B,B,B,B,B,A,B,U,B,B,B,A,A,B,A,B,B,B,B,B,B,B,B,A,B,B,B,B,B,B,A,A,A,B,B,B,B,A,B,A,B,B,B,B,U,B,B,A,B,B,A,B,A,B,A,B,B,B,B,B,A
3,mzn14ind29-29,,A,A,B,A,B,U,A,B,A,A,A,U,B,B,B,B,B,B,B,U,B,B,B,B,B,B,A,B,A,B,B,A,U,A,B,B,B,B,A,B,U,B,B,B,A,A,B,A,B,B,H,B,B,A,B,B,B,B,A,A,A,A,A,A,A,A,B,B,A,A,A,A,A,B,A,B,A,A,B,A,B,B,B,A,B,B,B,A,B,A,B,B,A,A
3,k11j14ind16-16,,A,B,B,A,B,B,A,B,A,A,A,A,B,B,B,B,B,B,B,B,B,B,B,B,B,B,A,B,A,B,B,A,A,A,B,B,B,H,A,B,B,B,B,A,A,B,A,A,B,B,H,B,B,A,B,B,B,B,A,A,B,B,A,A,B,A,B,A,A,A,A,A,A,B,A,B,A,A,A,A,A,A,U,A,B,B,B,A,B,A,U,B,A,U
3,MS_At3_16.0_a,,A,H,B,A,B,B,A,B,A,A,A,A,B,B,B,B,B,B,A,B,B,A,B,A,B,A,A,B,A,B,B,A,U,A,B,B,B,A,A,B,B,B,B,A,A,H,A,B,A,B,H,B,B,A,B,H,B,A,A,A,B,B,A,A,B,A,B,A,A,A,A,A,A,B,A,B,A,B,A,A,A,U,U,U,U,B,H,A,B,A,A,B,A,A
3,MS_At3_18.2,,A,H,B,A,B,H,A,A,B,A,B,A,B,B,B,B,B,B,A,A,B,H,A,H,B,B,A,B,B,B,B,A,A,H,B,B,B,B,A,B,B,B,B,B,A,A,A,H,A,B,A,A,B,B,B,H,A,A,B,A,B,B,A,B,B,A,B,A,A,B,A,A,A,A,A,B,A,A,A,A,A,B,B,B,B,A,H,B,A,A,H,B,B,A
3,t16k521877,,U,A,A,A,B,A,A,A,B,A,B,A,A,B,B,A,B,B,A,A,B,B,A,H,B,B,A,B,B,B,A,A,A,A,B,B,B,B,A,B,B,B,B,B,A,A,A,A,A,B,A,A,B,B,B,B,A,A,B,A,B,B,A,B,B,A,B,A,A,B,A,A,A,A,A,B,A,A,A,A,A,B,B,A,B,A,B,B,A,A,A,B,B,B
3,athcdc2bg,,A,A,A,A,U,A,A,A,B,B,B,B,A,B,U,A,B,B,H,A,A,A,A,B,A,B,A,B,H,A,A,B,A,A,B,B,B,B,A,B,B,B,B,B,A,B,B,A,B,B,B,B,B,A,B,A,A,A,B,A,B,B,A,B,B,A,B,B,A,B,A,A,A,B,A,B,A,A,A,A,A,B,B,B,B,A,A,B,A,A,B,B,A,B
3,nga6,,B,A,A,A,A,B,A,A,B,A,B,B,A,B,B,A,B,U,A,A,A,A,A,A,B,B,A,B,A,A,A,A,A,A,A,B,A,A,A,B,A,B,B,B,A,A,B,A,B,B,B,B,A,B,B,A,A,A,A,A,B,B,A,B,B,A,B,B,A,A,A,A,A,B,A,B,A,A,A,A,A,B,B,B,B,A,A,B,A,A,A,B,A,A
,,,,,,,,,,,,,,,,,,,,,,,,,,,,,,,,,,,,,,,,,,,,,,,,,,,,,,,,,,,,,,,,,,,,,,,,,,,,,,,,,,,,,,,,,,,,,,,,
4,jv30-31,,B,A,A,B,B,B,B,B,B,A,A,B,A,A,A,A,B,A,A,B,B,B,B,B,A,B,B,A,B,A,A,A,A,B,A,A,B,B,B,B,U,B,B,B,A,B,B,A,B,B,B,B,B,B,A,B,A,B,B,A,A,A,A,A,A,B,B,A,B,B,B,A,A,A,B,A,A,A,A,A,A,A,B,A,A,A,B,B,A,A,B,A,A,A
4,t19j18ind30-30,,A,A,A,U,B,B,A,B,H,A,A,B,A,A,A,A,B,A,A,B,B,B,B,B,A,A,B,A,A,A,A,A,A,A,A,A,A,B,B,B,A,B,B,B,A,B,B,A,A,A,B,A,B,B,A,B,A,B,A,H,B,B,B,A,A,B,B,A,B,B,A,A,A,A,B,B,A,A,A,A,A,B,A,A,B,B,B,B,A,A,B,B,A,B
4,nga8,,A,A,A,B,B,B,A,B,A,A,A,B,U,A,A,A,B,A,A,A,A,A,B,B,A,A,B,A,A,A,A,A,A,A,B,A,A,B,B,B,B,B,B,B,A,B,B,A,A,A,B,A,B,A,B,B,A,B,A,A,B,B,B,A,B,B,B,A,B,B,A,A,B,B,A,B,A,A,A,A,A,B,A,A,B,B,A,B,A,A,B,B,A,B
4,det1.2,,A,A,A,B,B,U,A,B,A,A,A,U,U,A,A,A,B,A,A,A,A,A,B,A,A,A,B,A,A,A,A,A,A,A,B,A,A,B,A,A,B,B,B,B,A,B,B,A,A,A,B,A,B,A,B,B,A,B,A,H,B,B,B,A,B,B,B,B,B,B,A,B,B,B,A,B,A,A,A,A,A,B,A,A,B,B,A,B,A,A,B,B,A,A
4,f28m11ind22-22,,A,A,A,B,B,B,A,B,A,A,A,B,A,A,A,A,B,U,A,A,A,A,B,A,A,A,B,A,A,A,A,A,A,A,B,A,A,B,A,A,B,B,B,B,A,B,B,A,A,A,B,A,B,A,B,B,A,A,A,B,B,B,B,A,B,B,B,B,B,B,A,B,B,B,A,B,A,A,A,A,A,B,A,A,B,B,A,B,A,A,B,B,A,A
4,ciw6,,A,A,A,B,B,B,A,B,B,A,A,B,U,A,A,A,A,U,A,A,A,A,B,A,U,A,B,A,U,A,B,A,A,A,U,A,A,B,A,A,B,A,B,B,A,B,B,B,B,B,B,B,B,A,B,B,A,B,A,B,B,B,B,B,B,A,A,B,B,B,A,B,B,B,B,B,A,A,A,A,A,B,A,A,B,B,A,B,A,A,B,A,B,A
4,MS_At4_8.3,,A,A,A,B,B,U,A,B,B,A,A,B,A,A,A,A,A,U,A,A,A,H,B,A,B,A,B,A,B,A,B,A,A,A,B,A,A,B,A,A,B,A,B,B,A,H,B,B,B,B,A,A,B,B,B,H,A,B,A,B,A,B,B,B,B,A,A,B,B,B,H,B,B,B,B,B,A,B,A,A,A,A,A,A,U,B,A,B,A,A,H,A,B,A
4,MS_At4_9.3,,A,A,U,B,B,B,H,B,B,U,U,U,A,A,A,A,H,B,H,A,A,B,U,A,B,A,B,A,B,A,B,A,H,A,B,A,B,B,A,H,B,H,B,B,A,B,B,B,B,B,A,B,B,B,B,B,A,B,A,B,A,B,B,B,B,H,A,B,B,B,B,B,B,B,B,B,A,B,A,A,A,B,B,B,B,B,H,B,B,A,B,A,B,A
4,ciw7,,B,A,A,B,B,B,B,B,B,B,A,B,A,B,A,A,B,B,U,A,A,A,U,A,B,A,B,A,B,A,B,B,B,B,B,A,B,B,A,A,A,A,B,B,A,B,B,B,B,B,A,B,A,B,A,B,A,B,A,B,B,B,B,B,B,A,A,B,A,B,B,B,B,B,B,A,A,B,A,A,A,B,A,A,B,B,B,B,B,A,B,A,B,A
4,MS_At4_11.3,,A,A,A,B,B,U,U,A,B,B,A,B,A,B,A,A,B,B,A,A,A,B,A,A,B,A,B,A,B,B,B,A,B,B,B,A,B,B,A,A,A,A,B,B,A,B,B,B,B,B,A,B,A,B,A,B,A,B,A,A,B,B,B,B,B,A,A,B,A,B,B,B,B,B,B,A,A,B,A,A,A,B,B,B,B,B,B,B,B,A,B,A,B,A
4,f22k18ind3-3,,B,A,A,B,B,B,B,B,B,B,B,B,A,B,B,A,B,B,B,U,A,U,B,A,B,A,B,A,B,B,B,A,B,B,B,A,H,B,A,A,A,A,A,B,A,B,B,B,B,B,A,B,B,B,A,B,A,B,A,B,B,B,B,B,B,A,A,B,A,B,B,B,B,B,B,A,B,B,B,B,A,B,A,A,B,B,B,B,B,A,B,A,B,B
4,f27g1959898,,B,A,A,B,B,B,B,B,B,B,B,B,A,B,B,A,B,B,U,A,A,A,B,A,B,A,B,A,B,B,B,A,B,B,B,A,B,B,A,A,A,B,A,B,A,B,B,B,B,B,B,B,B,B,B,B,A,B,A,B,B,B,B,B,B,A,A,B,A,B,B,B,B,B,B,A,B,B,B,B,A,B,A,A,B,B,B,B,B,A,A,A,B,A
4,nga1139,,B,B,B,B,B,A,B,B,B,A,B,B,B,B,B,B,B,U,B,B,B,B,B,A,A,A,B,B,B,B,B,B,B,A,B,A,A,B,A,A,A,B,A,B,A,A,B,B,B,B,B,B,A,B,B,B,A,B,B,B,B,B,B,B,B,A,A,H,A,B,B,A,B,B,B,A,B,A,A,B,A,B,A,A,B,B,B,B,B,A,A,A,B,A
4,t5j1748070,,B,B,B,B,A,B,B,B,A,A,B,A,B,B,B,B,B,B,B,B,B,B,B,A,A,B,B,B,A,B,B,A,B,A,A,A,A,B,A,A,A,B,A,B,A,A,A,B,B,B,B,B,A,B,B,A,A,A,B,B,B,B,B,B,B,A,B,A,A,B,B,B,A,B,B,A,B,A,A,B,A,B,B,A,B,B,B,A,B,A,A,A,A,B
,,,,,,,,,,,,,,,,,,,,,,,,,,,,,,,,,,,,,,,,,,,,,,,,,,,,,,,,,,,,,,,,,,,,,,,,,,,,,,,,,,,,,,,,,,,,,,,,
5,mhf15ind52-52,,A,B,U,B,B,B,B,A,B,H,B,B,B,A,B,B,B,B,B,A,A,A,A,A,B,B,B,A,B,B,B,A,B,A,B,B,B,B,A,A,B,B,B,B,B,B,H,A,A,A,B,B,B,A,B,B,B,B,B,B,B,B,B,B,B,B,B,B,A,A,A,B,B,H,A,B,B,B,B,B,A,B,B,B,B,B,B,B,A,U,U,U,U,U
5,MS_At5_2.8,,B,B,B,B,U,B,B,A,B,H,B,B,B,U,B,B,B,B,B,B,B,B,A,B,B,B,B,A,A,B,B,A,B,A,H,B,B,B,B,A,B,B,B,B,B,B,B,B,A,A,B,B,B,A,B,B,A,B,B,B,U,B,B,B,B,B,B,B,U,A,H,B,B,H,A,B,B,B,B,B,A,U,U,U,U,B,B,B,A,A,B,B,B,A
5,f14f1847646,,B,U,B,B,B,B,B,A,U,A,B,B,B,B,B,B,B,B,B,B,B,B,A,B,B,B,B,B,B,A,B,U,B,B,B,B,B,B,B,B,B,B,B,B,B,B,B,B,B,B,B,B,B,B,B,B,A,B,B,B,B,B,B,B,B,B,B,B,B,A,B,A,B,B,A,B,B,B,B,B,A,B,B,B,B,B,A,B,B,A,B,B,B,A
5,nga151,,B,U,B,B,B,B,B,A,U,A,B,B,B,A,B,B,A,B,B,B,B,B,A,B,B,B,B,A,B,A,B,A,B,B,H,B,B,B,A,B,H,B,B,B,B,B,A,B,B,B,B,B,B,B,B,B,A,B,B,B,B,B,B,B,B,B,B,B,A,A,A,A,B,H,A,B,B,B,B,B,A,B,B,B,B,B,A,B,B,A,B,B,B,A
5,MS_At5_6.6_b,,B,B,U,U,U,U,B,A,B,B,B,B,B,A,B,U,B,U,A,B,B,B,A,B,A,A,B,A,A,A,B,A,B,B,B,B,B,H,A,A,H,B,B,B,B,B,A,B,B,B,B,B,H,A,A,B,B,B,B,B,B,B,B,A,A,B,B,A,A,A,A,A,B,A,A,B,A,B,B,B,A,A,A,A,A,B,A,B,A,A,H,B,B,A
5,nga139,,B,B,B,B,B,A,B,B,B,A,U,B,B,B,B,B,B,A,A,B,B,B,B,B,A,A,A,B,A,A,B,A,B,A,A,B,B,A,A,A,B,B,B,B,B,A,A,A,B,B,B,A,U,A,A,B,B,B,B,B,B,B,B,A,A,B,A,B,A,A,A,B,A,U,A,B,A,B,A,A,A,A,B,A,B,B,A,B,A,U,U,B,A,B
5,MS_At5_13.9,,B,B,B,B,B,A,B,B,A,A,A,B,B,B,B,B,A,A,A,B,B,B,B,A,B,B,A,A,B,H,B,A,B,B,A,B,B,A,A,H,B,B,B,A,B,B,B,B,B,B,A,A,A,A,B,B,U,A,A,B,B,B,B,B,A,B,A,B,A,A,B,B,A,B,B,B,A,A,A,A,A,A,A,A,A,B,H,H,B,B,A,B,B,B
5,mlf18ind14-14,,B,B,B,B,B,A,B,B,U,A,A,B,B,B,B,B,A,A,A,B,B,B,B,A,B,B,A,A,B,A,B,A,A,B,A,B,B,A,A,A,B,B,B,H,B,A,B,A,B,B,A,A,A,B,B,B,B,B,A,B,B,B,B,B,A,H,A,B,A,A,A,B,A,A,B,B,A,A,A,A,A,B,B,A,B,A,A,A,B,B,A,B,B,B
5,aths0191,,B,B,B,B,B,A,B,B,A,A,A,B,B,B,B,B,A,A,A,B,B,B,B,A,B,B,A,A,B,A,B,A,A,B,A,B,B,A,A,A,B,B,B,A,B,A,B,A,B,B,A,A,A,B,B,B,B,B,A,B,B,B,B,B,A,H,B,B,A,A,A,B,A,A,B,B,A,A,A,A,A,B,B,A,B,A,A,A,B,B,A,B,B,B
5,MS_At5_16.6,,U,B,B,U,B,A,B,B,A,H,A,U,B,B,B,B,B,A,A,B,B,H,B,A,B,B,A,A,B,B,B,A,A,B,A,B,B,B,A,A,B,B,B,B,B,A,B,A,B,B,A,A,A,B,B,B,B,B,A,B,B,B,B,B,B,B,B,B,A,H,H,B,A,B,B,B,A,A,A,A,A,A,A,A,A,B,A,A,B,B,A,A,A,B
5,ciw9,,A,B,B,B,B,B,B,B,A,B,A,B,B,B,B,B,B,A,A,B,B,B,B,A,B,B,A,A,B,B,B,A,A,B,A,A,B,B,A,A,B,B,B,B,B,A,B,A,B,B,A,A,A,B,B,B,B,B,A,B,B,B,B,B,B,B,B,B,A,A,A,B,A,B,B,B,A,A,A,A,A,A,U,A,B,B,A,B,B,B,A,A,A,B
5,mql58836,,A,B,B,B,B,B,B,B,A,B,B,B,B,B,B,B,B,U,A,U,B,B,B,A,B,B,A,B,B,B,B,U,A,B,A,A,B,B,B,A,B,B,A,U,B,B,B,A,A,A,B,B,A,B,B,B,A,B,A,B,B,B,B,B,B,B,B,B,B,B,A,B,B,B,B,B,A,A,B,A,A,B,B,B,B,B,A,U,B,B,A,A,A,B
5,nga129,,A,U,B,B,B,B,B,B,A,B,B,B,B,B,B,B,B,B,A,B,B,B,B,A,B,B,A,B,B,B,B,B,A,B,A,A,B,B,B,A,B,B,A,B,B,B,B,A,A,A,B,B,A,B,B,B,A,B,A,B,B,B,B,B,B,B,B,B,B,B,A,B,B,B,B,B,A,A,B,A,A,B,B,B,B,B,A,B,B,B,A,A,A,B
5,MS_At5_21.3,,A,B,B,B,B,B,B,B,A,B,B,B,B,B,B,B,B,B,A,B,B,B,B,A,U,B,A,A,B,B,A,B,A,B,A,A,B,B,B,A,A,B,A,B,B,B,B,B,A,A,B,B,A,B,A,B,A,B,A,B,B,B,B,B,B,B,B,B,B,A,H,B,B,B,B,B,A,A,B,A,A,B,B,B,B,B,H,B,B,B,A,A,A,B
5,jv65-66,,A,U,B,B,A,B,B,B,A,B,A,B,B,B,B,B,B,B,A,B,B,B,B,A,B,B,A,A,B,B,B,B,A,B,A,A,B,B,B,A,A,B,A,A,B,B,B,A,A,A,B,B,A,B,A,B,A,B,A,B,B,B,B,B,B,B,B,B,B,A,A,B,B,B,B,B,B,A,B,B,B,B,B,B,A,B,A,B,B,B,A,A,A,B
5,mqj2ind8-8,,A,B,B,B,A,B,B,B,A,B,A,B,B,B,B,B,A,A,A,B,B,B,B,A,A,B,A,A,B,B,A,B,A,B,A,A,A,B,B,A,A,A,A,A,B,H,A,A,A,A,B,B,A,B,A,A,B,B,A,B,U,B,B,B,A,B,B,B,B,A,A,A,B,B,B,B,B,A,B,B,U,B,B,B,A,B,A,B,B,B,A,A,A,B
5,k8a1022396,,A,A,B,B,B,A,B,H,A,A,A,B,A,B,B,A,A,A,A,B,B,B,B,A,H,B,A,A,A,B,B,B,A,A,A,A,A,B,B,A,A,B,A,A,B,B,A,A,B,B,B,B,A,A,A,A,B,B,A,B,U,B,B,B,A,A,B,A,A,A,A,A,A,A,B,B,B,A,B,B,U,B,B,A,A,B,A,A,A,A,A,A,A,B
